archivo,mod_time
REPORTE-A-MEDIDA-MOVIBILLETERA (1-3).xls,1750790207
REPORTE-A-MEDIDA-MOVIBILLETERA (1-4).xls,1750790994
REPORTE-A-MEDIDA-MOVIBILLETERA (1-5).xls,1750791741
REPORTE-A-MEDIDA-MOVIBILLETERA (1-6).xls,1750795351
REPORTE-A-MEDIDA-MOVIBILLETERA (1-7).xls,1751891535
REPORTE-A-MEDIDA-MOVIBILLETERA (10-3).xls,1750790401
REPORTE-A-MEDIDA-MOVIBILLETERA (10-4).xls,1750791201
REPORTE-A-MEDIDA-MOVIBILLETERA (10-5).xls,1750791945
REPORTE-A-MEDIDA-MOVIBILLETERA (10-6).xls,1750795518
REPORTE-A-MEDIDA-MOVIBILLETERA (10-7).xls,1752235926
REPORTE-A-MEDIDA-MOVIBILLETERA (11-3).xls,1750790422
REPORTE-A-MEDIDA-MOVIBILLETERA (11-4).xls,1750791220
REPORTE-A-MEDIDA-MOVIBILLETERA (11-5).xls,1750791972
REPORTE-A-MEDIDA-MOVIBILLETERA (11-6).xls,1750795530
REPORTE-A-MEDIDA-MOVIBILLETERA (11-7).xls,1752493633
REPORTE-A-MEDIDA-MOVIBILLETERA (12-3).xls,1750790448
REPORTE-A-MEDIDA-MOVIBILLETERA (12-4).xls,1750791241
REPORTE-A-MEDIDA-MOVIBILLETERA (12-5).xls,1750791991
REPORTE-A-MEDIDA-MOVIBILLETERA (12-6).xls,1750795553
REPORTE-A-MEDIDA-MOVIBILLETERA (12-7).xls,1752493652
REPORTE-A-MEDIDA-MOVIBILLETERA (13-3).xls,1750790469
REPORTE-A-MEDIDA-MOVIBILLETERA (13-4).xls,1750791262
REPORTE-A-MEDIDA-MOVIBILLETERA (13-5).xls,1750792006
REPORTE-A-MEDIDA-MOVIBILLETERA (13-6).xls,1750795567
REPORTE-A-MEDIDA-MOVIBILLETERA (13-7).xls,1752493669
REPORTE-A-MEDIDA-MOVIBILLETERA (14-3).xls,1750790496
REPORTE-A-MEDIDA-MOVIBILLETERA (14-4).xls,1750791284
REPORTE-A-MEDIDA-MOVIBILLETERA (14-5).xls,1750792033
REPORTE-A-MEDIDA-MOVIBILLETERA (14-6).xls,1750795597
REPORTE-A-MEDIDA-MOVIBILLETERA (14-7).xls,1752578588
REPORTE-A-MEDIDA-MOVIBILLETERA (15-3).xls,1750790520
REPORTE-A-MEDIDA-MOVIBILLETERA (15-4).xls,1750791311
REPORTE-A-MEDIDA-MOVIBILLETERA (15-5).xls,1750792053
REPORTE-A-MEDIDA-MOVIBILLETERA (15-6).xls,1750795613
REPORTE-A-MEDIDA-MOVIBILLETERA (15-7).xls,1752666019
REPORTE-A-MEDIDA-MOVIBILLETERA (16-3).xls,1750790542
REPORTE-A-MEDIDA-MOVIBILLETERA (16-4).xls,1750791346
REPORTE-A-MEDIDA-MOVIBILLETERA (16-5).xls,1750792091
REPORTE-A-MEDIDA-MOVIBILLETERA (16-6).xls,1750795630
REPORTE-A-MEDIDA-MOVIBILLETERA (16-7).xls,1752753640
REPORTE-A-MEDIDA-MOVIBILLETERA (17-3).xls,1750790562
REPORTE-A-MEDIDA-MOVIBILLETERA (17-4).xls,1750791374
REPORTE-A-MEDIDA-MOVIBILLETERA (17-5).xls,1750792112
REPORTE-A-MEDIDA-MOVIBILLETERA (17-6).xls,1750795648
REPORTE-A-MEDIDA-MOVIBILLETERA (17-7).xls,1752838379
REPORTE-A-MEDIDA-MOVIBILLETERA (18-3).xls,1750790605
REPORTE-A-MEDIDA-MOVIBILLETERA (18-4).xls,1750791392
REPORTE-A-MEDIDA-MOVIBILLETERA (18-5).xls,1750794121
REPORTE-A-MEDIDA-MOVIBILLETERA (18-6).xls,1750795666
REPORTE-A-MEDIDA-MOVIBILLETERA (18-7).xls,1753098382
REPORTE-A-MEDIDA-MOVIBILLETERA (19-3).xls,1750790718
REPORTE-A-MEDIDA-MOVIBILLETERA (19-4).xls,1750791428
REPORTE-A-MEDIDA-MOVIBILLETERA (19-5).xls,1750794161
REPORTE-A-MEDIDA-MOVIBILLETERA (19-6).xls,1750795682
REPORTE-A-MEDIDA-MOVIBILLETERA (19-7).xls,1753098398
REPORTE-A-MEDIDA-MOVIBILLETERA (2-3).xls,1750790229
REPORTE-A-MEDIDA-MOVIBILLETERA (2-4).xls,1750791017
REPORTE-A-MEDIDA-MOVIBILLETERA (2-5).xls,1750791759
REPORTE-A-MEDIDA-MOVIBILLETERA (2-6).xls,1750795396
REPORTE-A-MEDIDA-MOVIBILLETERA (2-7).xls,1751891609
REPORTE-A-MEDIDA-MOVIBILLETERA (20-3).xls,1750790738
REPORTE-A-MEDIDA-MOVIBILLETERA (20-4).xls,1750791450
REPORTE-A-MEDIDA-MOVIBILLETERA (20-5).xls,1750794332
REPORTE-A-MEDIDA-MOVIBILLETERA (20-6).xls,1750795696
REPORTE-A-MEDIDA-MOVIBILLETERA (20-7).xls,1753098415
REPORTE-A-MEDIDA-MOVIBILLETERA (21-3).xls,1750790757
REPORTE-A-MEDIDA-MOVIBILLETERA (21-4).xls,1750791490
REPORTE-A-MEDIDA-MOVIBILLETERA (21-5).xls,1750794354
REPORTE-A-MEDIDA-MOVIBILLETERA (21-6).xls,1750795712
REPORTE-A-MEDIDA-MOVIBILLETERA (21-7).xls,1753184098
REPORTE-A-MEDIDA-MOVIBILLETERA (22-3).xls,1750790776
REPORTE-A-MEDIDA-MOVIBILLETERA (22-4).xls,1750791552
REPORTE-A-MEDIDA-MOVIBILLETERA (22-5).xls,1750794504
REPORTE-A-MEDIDA-MOVIBILLETERA (22-6).xls,1750795726
REPORTE-A-MEDIDA-MOVIBILLETERA (22-7).xls,1753270123
REPORTE-A-MEDIDA-MOVIBILLETERA (23-3).xls,1750790800
REPORTE-A-MEDIDA-MOVIBILLETERA (23-4).xls,1750791567
REPORTE-A-MEDIDA-MOVIBILLETERA (23-5).xls,1750794524
REPORTE-A-MEDIDA-MOVIBILLETERA (23-6).xls,1750795739
REPORTE-A-MEDIDA-MOVIBILLETERA (23-7).xls,1753357780
REPORTE-A-MEDIDA-MOVIBILLETERA (24-3).xls,1750790818
REPORTE-A-MEDIDA-MOVIBILLETERA (24-4).xls,1750791584
REPORTE-A-MEDIDA-MOVIBILLETERA (24-5).xls,1750794544
REPORTE-A-MEDIDA-MOVIBILLETERA (24-6).xls,1751891284
REPORTE-A-MEDIDA-MOVIBILLETERA (24-7).xls,1753444376
REPORTE-A-MEDIDA-MOVIBILLETERA (25-3).xls,1750790838
REPORTE-A-MEDIDA-MOVIBILLETERA (25-4).xls,1750791620
REPORTE-A-MEDIDA-MOVIBILLETERA (25-5).xls,1750794561
REPORTE-A-MEDIDA-MOVIBILLETERA (25-6).xls,1751891331
REPORTE-A-MEDIDA-MOVIBILLETERA (25-7).xls,1753707909
REPORTE-A-MEDIDA-MOVIBILLETERA (26-3).xls,1750790866
REPORTE-A-MEDIDA-MOVIBILLETERA (26-4).xls,1750791649
REPORTE-A-MEDIDA-MOVIBILLETERA (26-5).xls,1750794579
REPORTE-A-MEDIDA-MOVIBILLETERA (26-6).xls,1751891429
REPORTE-A-MEDIDA-MOVIBILLETERA (26-7).xls,1753707928
REPORTE-A-MEDIDA-MOVIBILLETERA (27-3).xls,1750790889
REPORTE-A-MEDIDA-MOVIBILLETERA (27-4).xls,1750791666
REPORTE-A-MEDIDA-MOVIBILLETERA (27-5).xls,1750794594
REPORTE-A-MEDIDA-MOVIBILLETERA (27-6).xls,1751891448
REPORTE-A-MEDIDA-MOVIBILLETERA (27-7).xls,1753707943
REPORTE-A-MEDIDA-MOVIBILLETERA (28-3).xls,1750790907
REPORTE-A-MEDIDA-MOVIBILLETERA (28-4).xls,1750791682
REPORTE-A-MEDIDA-MOVIBILLETERA (28-5).xls,1750794612
REPORTE-A-MEDIDA-MOVIBILLETERA (28-6).xls,1751891467
REPORTE-A-MEDIDA-MOVIBILLETERA (28-7).xls,1753788437
REPORTE-A-MEDIDA-MOVIBILLETERA (29-3).xls,1750790925
REPORTE-A-MEDIDA-MOVIBILLETERA (29-4).xls,1750791701
REPORTE-A-MEDIDA-MOVIBILLETERA (29-5).xls,1750794629
REPORTE-A-MEDIDA-MOVIBILLETERA (29-6).xls,1751891485
REPORTE-A-MEDIDA-MOVIBILLETERA (3-3).xls,1750790249
REPORTE-A-MEDIDA-MOVIBILLETERA (3-4).xls,1750791056
REPORTE-A-MEDIDA-MOVIBILLETERA (3-5).xls,1750791780
REPORTE-A-MEDIDA-MOVIBILLETERA (3-6).xls,1750795412
REPORTE-A-MEDIDA-MOVIBILLETERA (3-7).xls,1751891630
REPORTE-A-MEDIDA-MOVIBILLETERA (30-3).xls,1750790943
REPORTE-A-MEDIDA-MOVIBILLETERA (30-4).xls,1750791721
REPORTE-A-MEDIDA-MOVIBILLETERA (30-5).xls,1750794645
REPORTE-A-MEDIDA-MOVIBILLETERA (30-6).xls,1751891510
REPORTE-A-MEDIDA-MOVIBILLETERA (31-3).xls,1750790972
REPORTE-A-MEDIDA-MOVIBILLETERA (31-5).xls,1750794661
REPORTE-A-MEDIDA-MOVIBILLETERA (4-3).xls,1750790274
REPORTE-A-MEDIDA-MOVIBILLETERA (4-4).xls,1750791069
REPORTE-A-MEDIDA-MOVIBILLETERA (4-5).xls,1750791799
REPORTE-A-MEDIDA-MOVIBILLETERA (4-6).xls,1750795426
REPORTE-A-MEDIDA-MOVIBILLETERA (4-7).xls,1751891652
REPORTE-A-MEDIDA-MOVIBILLETERA (5-3).xls,1750790298
REPORTE-A-MEDIDA-MOVIBILLETERA (5-4).xls,1750791084
REPORTE-A-MEDIDA-MOVIBILLETERA (5-5).xls,1750791816
REPORTE-A-MEDIDA-MOVIBILLETERA (5-6).xls,1750795442
REPORTE-A-MEDIDA-MOVIBILLETERA (5-7).xls,1751891668
REPORTE-A-MEDIDA-MOVIBILLETERA (6-3).xls,1750790323
REPORTE-A-MEDIDA-MOVIBILLETERA (6-4).xls,1750791114
REPORTE-A-MEDIDA-MOVIBILLETERA (6-5).xls,1750791866
REPORTE-A-MEDIDA-MOVIBILLETERA (6-6).xls,1750795456
REPORTE-A-MEDIDA-MOVIBILLETERA (6-7).xls,1751891686
REPORTE-A-MEDIDA-MOVIBILLETERA (7-3).xls,1750790345
REPORTE-A-MEDIDA-MOVIBILLETERA (7-4).xls,1750791132
REPORTE-A-MEDIDA-MOVIBILLETERA (7-5).xls,1750791887
REPORTE-A-MEDIDA-MOVIBILLETERA (7-6).xls,1750795472
REPORTE-A-MEDIDA-MOVIBILLETERA (7-7).xls,1751980032
REPORTE-A-MEDIDA-MOVIBILLETERA (8-3).xls,1750790362
REPORTE-A-MEDIDA-MOVIBILLETERA (8-4).xls,1750791153
REPORTE-A-MEDIDA-MOVIBILLETERA (8-5).xls,1750791907
REPORTE-A-MEDIDA-MOVIBILLETERA (8-6).xls,1750795488
REPORTE-A-MEDIDA-MOVIBILLETERA (8-7).xls,1752147603
REPORTE-A-MEDIDA-MOVIBILLETERA (9-3).xls,1750790383
REPORTE-A-MEDIDA-MOVIBILLETERA (9-4).xls,1750791174
REPORTE-A-MEDIDA-MOVIBILLETERA (9-5).xls,1750791924
REPORTE-A-MEDIDA-MOVIBILLETERA (9-6).xls,1750795502
REPORTE-A-MEDIDA-MOVIBILLETERA (9-7).xls,1752147622
REPORTE-A-MEDIDA-MOVIBILLETERA (29-7).xls,1753879557
REPORTE-A-MEDIDA-MOVIBILLETERA (30-7).xls,1753963599
REPORTE-A-MEDIDA-MOVIBILLETERA (31-7).xls,1754048022
REPORTE-A-MEDIDA-MOVIBILLETERA (1-8).xls,1754312196
REPORTE-A-MEDIDA-MOVIBILLETERA (2-8).xls,1754312216
REPORTE-A-MEDIDA-MOVIBILLETERA (3-8).xls,1754312242
REPORTE-A-MEDIDA-MOVIBILLETERA (4-8).xls,1754393542
